gamma,violations,costs,planning_times
0.0,45,1001.9797371805245,0.5538972463095246
0.1,35,1020.4403870070587,0.5043005553623527
0.5,26,1223.827863586477,0.6047028232769582
1.0,13,1343.4783933810452,0.46723799805686045
2.0,4,1981.3727414301522,0.58932459297975
5.0,0,3516.337562189124,0.8434194663316754
10.0,0,6949.165210622107,1.1605121481616645
20.0,0,15607.679707462572,1.6220396004532347
