gamma,violations_count,total_violation_flow,total_penalty_cost,simulation_time,escape_edges_count,status
1.0,8,14,14.0,1.5890377498201098,10,success
10.0,5,6,60.0,2.8730251410202,7,success
50.0,4,7,350.0,1.8119289306568402,6,success
100.0,2,4,400.0,2.017495621475723,4,success
200.0,1,0,0.0,2.864068577712924,3,success
